Workbook

Sheet INVENTORY_DATA
A1: PRODUCT NAME | B1: CATEGORY | C1: PLACE | D1: PRICE | E1: SIZE(ML/G) | F1: PRODUCT OPENED | G1: SHELF LIFE | H1: EDATE | I1: STATUS
L2: Total Inventory Value | M2: =SUM(D3:D100) -> 506
A3: DIOR Forever Foundation | B3: FACE | C3: SEPHORA | D3: 60 | E3: 30ml | F3: 45807 | G3: =VLOOKUP(B3,SETTINGS_LIBRARY!A1:B7 , 2, FALSE) -> 10 | H3: =EDATE(F3, G3) -> 46111 | I3: =IF(H3 < TODAY(), "EXPIRED", IF(H3 <= EDATE(TODAY(), 1), "EXPIRING SOON", "ACTIVE")) -> EXPIRING SOON | L3: Active Product Value | M3: =SUMIF(I3:I100, "ACTIVE", D3:D100) -> 421
A4: TOWER 28 Concelear | B4: FACE | C4: SEPHORA | D4: 25 | E4: 6.5ml | F4: 45778 | G4: =VLOOKUP(B4,SETTINGS_LIBRARY!A2:B8 , 2, FALSE) -> 10 | H4: =EDATE(F4, G4) -> 46082 | I4: =IF(H4 < TODAY(), "EXPIRED", IF(H4 <= EDATE(TODAY(), 1), "EXPIRING SOON", "ACTIVE")) -> EXPIRED | L4: Wasted Value | M4: =SUMIF(I3:I100, "EXPIRED", D3:D100) -> 25
A5: RHODE Blush | B5: CHEEKS | C5: SEPHORA | D5: 25 | E5: 5.3gm | F5: 45708 | G5: =VLOOKUP(B5,SETTINGS_LIBRARY!A3:B9 , 2, FALSE) -> 24 | H5: =EDATE(F5, G5) -> 46438 | I5: =IF(H5 < TODAY(), "EXPIRED", IF(H5 <= EDATE(TODAY(), 1), "EXPIRING SOON", "ACTIVE")) -> ACTIVE | L5: Number if expired items | M5: =COUNTIF(I3:I100, "EXPIRED") -> 1
A6: ELF Eyeliner | B6: EYES | C6: CVS | D6: 5 | E6: 0.18 gm | F6: 45901 | G6: =VLOOKUP(B6,SETTINGS_LIBRARY!A4:B10 , 2, FALSE) -> 12 | H6: =EDATE(F6, G6) -> 46266 | I6: =IF(H6 < TODAY(), "EXPIRED", IF(H6 <= EDATE(TODAY(), 1), "EXPIRING SOON", "ACTIVE")) -> ACTIVE
A7: DIOR Eyeshadow Palette | B7: EYES | C7: SEPHORA | D7: 55 | E7: 7 gm | F7: 45907 | G7: =VLOOKUP(B7,SETTINGS_LIBRARY!A5:B11 , 2, FALSE) -> 12 | H7: =EDATE(F7, G7) -> 46272 | I7: =IF(H7 < TODAY(), "EXPIRED", IF(H7 <= EDATE(TODAY(), 1), "EXPIRING SOON", "ACTIVE")) -> ACTIVE
A8: VALENTINO Lipstick | B8: LIPS | C8: SEPHORA | D8: 49 | E8: 3.4 gm | F8: 46047 | G8: =VLOOKUP(B8,SETTINGS_LIBRARY!A6:B12 , 2, FALSE) -> 24 | H8: =EDATE(F8, G8) -> 46777 | I8: =IF(H8 < TODAY(), "EXPIRED", IF(H8 <= EDATE(TODAY(), 1), "EXPIRING SOON", "ACTIVE")) -> ACTIVE
A9: LANCOME Mascara | B9: EYES | C9: SEPHORA | D9: 30 | E9: 10ml | F9: 45875 | G9: =VLOOKUP(B9,SETTINGS_LIBRARY!A7:B13 , 2, FALSE) -> 12 | H9: =EDATE(F9, G9) -> 46240 | I9: =IF(H9 < TODAY(), "EXPIRED", IF(H9 <= EDATE(TODAY(), 1), "EXPIRING SOON", "ACTIVE")) -> ACTIVE
A10: CHARLOTTE TILBURY Lipgloss | B10: LIPS | C10: SEPHORA | D10: 37 | E10: 3.5ml | F10: 46082 | G10: =VLOOKUP(B10,SETTINGS_LIBRARY!A8:B14 , 2, FALSE) -> 24 | H10: =EDATE(F10, G10) -> 46813 | I10: =IF(H10 < TODAY(), "EXPIRED", IF(H10 <= EDATE(TODAY(), 1), "EXPIRING SOON", "ACTIVE")) -> ACTIVE
A11: RHODE Lipliner | B11: LIPS | C11: SEPHORA | D11: 24 | E11: 0.75gm | F11: 46082 | G11: =VLOOKUP(B11,SETTINGS_LIBRARY!A9:B15 , 2, FALSE) -> 24 | H11: =EDATE(F11, G11) -> 46813 | I11: =IF(H11 < TODAY(), "EXPIRED", IF(H11 <= EDATE(TODAY(), 1), "EXPIRING SOON", "ACTIVE")) -> ACTIVE
A12: CENTELLA Serum | B12: SKINCARE | C12: CENTELLA(OL) | D12: 20 | E12: 100ml | F12: 45976 | G12: =VLOOKUP(B12,SETTINGS_LIBRARY!A10:B16 , 2, FALSE) -> 12 | H12: =EDATE(F12, G12) -> 46341 | I12: =IF(H12 < TODAY(), "EXPIRED", IF(H12 <= EDATE(TODAY(), 1), "EXPIRING SOON", "ACTIVE")) -> ACTIVE
A13: MEDICUBE Serum | B13: SKINCARE | C13: MEDICUBE(OL) | D13: 24 | E13: 30ml | F13: 46027 | G13: =VLOOKUP(B13,SETTINGS_LIBRARY!A11:B17 , 2, FALSE) -> 12 | H13: =EDATE(F13, G13) -> 46392 | I13: =IF(H13 < TODAY(), "EXPIRED", IF(H13 <= EDATE(TODAY(), 1), "EXPIRING SOON", "ACTIVE")) -> ACTIVE
A14: LANCOME Serum | B14: SKINCARE | C14: MACY'S | D14: 152 | E14: 50ml | F14: 46081 | G14: =VLOOKUP(B14,SETTINGS_LIBRARY!A12:B18 , 2, FALSE) -> 12 | H14: =EDATE(F14, G14) -> 46446 | I14: =IF(H14 < TODAY(), "EXPIRED", IF(H14 <= EDATE(TODAY(), 1), "EXPIRING SOON", "ACTIVE")) -> ACTIVE

Sheet SETTINGS_LIBRARY
A1: CATEGORY | B1: SHELF LIFE
A3: FACE | B3: 10
A4: FACE | B4: 10
A5: CHEEKS | B5: 24
A6: EYES | B6: 12
A7: EYES | B7: 12
A8: LIPS | B8: 24
A9: EYES | B9: 12
A10: LIPS | B10: 24
A11: LIPS | B11: 24
A12: SKINCARE | B12: 12
A13: SKINCARE | B13: 12
A14: SKINCARE | B14: 12
